--/*==============================================================*/
--/* Nom de la base :  VIDEO                                      */
--/* Fichier          :  install_data_videoscar.sql               */
--/*==============================================================*/
delete from JOUER;

delete from K7;
delete from FILM;
delete from REALISE;
delete from CATEGORIE;
delete from ACTEUR;

insert into ACTEUR (ACTCOD, ACTNOM, ACTPRE) values (78,'Adjani','Isabelle');
insert into ACTEUR (ACTCOD, ACTNOM, ACTPRE) values (47,'Aimée','Anouk');
insert into ACTEUR (ACTCOD, ACTNOM, ACTPRE) values (53,'Anglade','Jean-Hugues');
insert into ACTEUR (ACTCOD, ACTNOM, ACTPRE) values (29,'Ardant','Fanny');
insert into ACTEUR (ACTCOD, ACTNOM, ACTPRE) values (7,'Auteuil','Daniel');
insert into ACTEUR (ACTCOD, ACTNOM, ACTPRE) values (16,'Azema','Sabine');
insert into ACTEUR (ACTCOD, ACTNOM, ACTPRE) values (20,'Bacri','Jean-Pierre');
insert into ACTEUR (ACTCOD, ACTNOM, ACTPRE) values (8,'Balasko','Josiane');
insert into ACTEUR (ACTCOD, ACTNOM, ACTPRE) values (61,'Banderas','Antonio');
insert into ACTEUR (ACTCOD, ACTNOM, ACTPRE) values (56,'Baye','Nathalie');
insert into ACTEUR (ACTCOD, ACTNOM, ACTPRE) values (28,'Berling','Charles');
insert into ACTEUR (ACTCOD, ACTNOM, ACTPRE) values (88,'Beymer','Richard');
insert into ACTEUR (ACTCOD, ACTNOM, ACTPRE) values (10,'Bigard','Jean-Marie');
insert into ACTEUR (ACTCOD, ACTNOM, ACTPRE) values (64,'Binoche','Juliette');
insert into ACTEUR (ACTCOD, ACTNOM, ACTPRE) values (12,'Blanc','Manuel');
insert into ACTEUR (ACTCOD, ACTNOM, ACTPRE) values (76,'Bogarde','Dirk');
insert into ACTEUR (ACTCOD, ACTNOM, ACTPRE) values (6,'Bouquet','Carole');
insert into ACTEUR (ACTCOD, ACTNOM, ACTPRE) values (72,'Branagh','Kenneth');
insert into ACTEUR (ACTCOD, ACTNOM, ACTPRE) values (46,'Cardinale','Claudia');
insert into ACTEUR (ACTCOD, ACTNOM, ACTPRE) values (67,'Carlyle','Robert');
insert into ACTEUR (ACTCOD, ACTNOM, ACTPRE) values (44,'Cassel','Vincent');
insert into ACTEUR (ACTCOD, ACTNOM, ACTPRE) values (21,'Chabat','Alain');
insert into ACTEUR (ACTCOD, ACTNOM, ACTPRE) values (77,'Chamberlain','Richard');
insert into ACTEUR (ACTCOD, ACTNOM, ACTPRE) values (17,'Close','Glenn');
insert into ACTEUR (ACTCOD, ACTNOM, ACTPRE) values (83,'Connery','Sean');
insert into ACTEUR (ACTCOD, ACTNOM, ACTPRE) values (65,'Dafoe','Willem');
insert into ACTEUR (ACTCOD, ACTNOM, ACTPRE) values (59,'Dalle','Béatrice');
insert into ACTEUR (ACTCOD, ACTNOM, ACTPRE) values (18,'Daniels','Jeff');
insert into ACTEUR (ACTCOD, ACTNOM, ACTPRE) values (19,'Depp','Johnny');
insert into ACTEUR (ACTCOD, ACTNOM, ACTPRE) values (68,'Dorléac','Françoise');
insert into ACTEUR (ACTCOD, ACTNOM, ACTPRE) values (34,'Dunaway','Faye');
insert into ACTEUR (ACTCOD, ACTNOM, ACTPRE) values (71,'Duperey','Annie');
insert into ACTEUR (ACTCOD, ACTNOM, ACTPRE) values (55,'Dutronc','Jacques');
insert into ACTEUR (ACTCOD, ACTNOM, ACTPRE) values (58,'Eastwood','Clint');
insert into ACTEUR (ACTCOD, ACTNOM, ACTPRE) values (62,'Fiennes','Ralph');
insert into ACTEUR (ACTCOD, ACTNOM, ACTPRE) values (107,'Fisher','Carrie');
insert into ACTEUR (ACTCOD, ACTNOM, ACTPRE) values (105,'Ford','Harrison');
insert into ACTEUR (ACTCOD, ACTNOM, ACTPRE) values (109,'Freeman','Morgan');
insert into ACTEUR (ACTCOD, ACTNOM, ACTPRE) values (1,'Gibson','Mel');
insert into ACTEUR (ACTCOD, ACTNOM, ACTPRE) values (108,'Goldblum','Jeff');
insert into ACTEUR (ACTCOD, ACTNOM, ACTPRE) values (75,'Goya','Chantal');
insert into ACTEUR (ACTCOD, ACTNOM, ACTPRE) values (100,'Hackman','Gene');
insert into ACTEUR (ACTCOD, ACTNOM, ACTPRE) values (106,'Hamill','Mark');
insert into ACTEUR (ACTCOD, ACTNOM, ACTPRE) values (101,'Harris','Ed');
insert into ACTEUR (ACTCOD, ACTNOM, ACTPRE) values (50,'Hart','Ian');
insert into ACTEUR (ACTCOD, ACTNOM, ACTPRE) values (82,'Helm','Brigitte');
insert into ACTEUR (ACTCOD, ACTNOM, ACTPRE) values (42,'Hunter','Holly');
insert into ACTEUR (ACTCOD, ACTNOM, ACTPRE) values (54,'Huppert','Isabelle');
insert into ACTEUR (ACTCOD, ACTNOM, ACTPRE) values (43,'Jacob','Irène');
insert into ACTEUR (ACTCOD, ACTNOM, ACTPRE) values (51,'Karyo','Tchéky');
insert into ACTEUR (ACTCOD, ACTNOM, ACTPRE) values (36,'Kassovitz','Mathieu');
insert into ACTEUR (ACTCOD, ACTNOM, ACTPRE) values (102,'Keitel','Harvey');
insert into ACTEUR (ACTCOD, ACTNOM, ACTPRE) values (13,'Kiberlain','Sandrine');
insert into ACTEUR (ACTCOD, ACTNOM, ACTPRE) values (85,'Kilmer','Val');
insert into ACTEUR (ACTCOD, ACTNOM, ACTPRE) values (9,'Lambert','Christophe');
insert into ACTEUR (ACTCOD, ACTNOM, ACTPRE) values (96,'Lang','Jessica');
insert into ACTEUR (ACTCOD, ACTNOM, ACTPRE) values (74,'Léaud','Jean-Pierre');
insert into ACTEUR (ACTCOD, ACTNOM, ACTPRE) values (27,'Lemercier','Valérie');
insert into ACTEUR (ACTCOD, ACTNOM, ACTPRE) values (35,'Lewis','Jerry');
insert into ACTEUR (ACTCOD, ACTNOM, ACTPRE) values (11,'Luchini','Fabrice');
insert into ACTEUR (ACTCOD, ACTNOM, ACTPRE) values (99,'Mac Dorman','Frances');
insert into ACTEUR (ACTCOD, ACTNOM, ACTPRE) values (48,'Mac Dowell','Malcom');
insert into ACTEUR (ACTCOD, ACTNOM, ACTPRE) values (2,'Mac Goohan','Patrick');
insert into ACTEUR (ACTCOD, ACTNOM, ACTPRE) values (93,'Mac Lachlan','Kyle');
insert into ACTEUR (ACTCOD, ACTNOM, ACTPRE) values (60,'Madonna','');
insert into ACTEUR (ACTCOD, ACTNOM, ACTPRE) values (3,'Marceau','Sophie');
insert into ACTEUR (ACTCOD, ACTNOM, ACTPRE) values (45,'Mastroianni','Marcello');
insert into ACTEUR (ACTCOD, ACTNOM, ACTPRE) values (24,'Mauduech','Julie');
insert into ACTEUR (ACTCOD, ACTNOM, ACTPRE) values (37,'Minnelli','Liza');
insert into ACTEUR (ACTCOD, ACTNOM, ACTPRE) values (14,'Mitchell','Eddy');
insert into ACTEUR (ACTCOD, ACTNOM, ACTPRE) values (40,'Molina','Angela');
insert into ACTEUR (ACTCOD, ACTNOM, ACTPRE) values (33,'Moreau','Jeanne');
insert into ACTEUR (ACTCOD, ACTNOM, ACTPRE) values (79,'Neill','Sam');
insert into ACTEUR (ACTCOD, ACTNOM, ACTPRE) values (23,'Nicholson','Jack');
insert into ACTEUR (ACTCOD, ACTNOM, ACTPRE) values (89,'Oldman','Gary');
insert into ACTEUR (ACTCOD, ACTNOM, ACTPRE) values (22,'Olsen','Ole');
insert into ACTEUR (ACTCOD, ACTNOM, ACTPRE) values (98,'Pacino','Al');
insert into ACTEUR (ACTCOD, ACTNOM, ACTPRE) values (31,'Paradis','Vanessa');
insert into ACTEUR (ACTCOD, ACTNOM, ACTPRE) values (52,'Parillaud','Anne');
insert into ACTEUR (ACTCOD, ACTNOM, ACTPRE) values (104,'Pitt','Brad');
insert into ACTEUR (ACTCOD, ACTNOM, ACTPRE) values (69,'Pleasence','Donald');
insert into ACTEUR (ACTCOD, ACTNOM, ACTPRE) values (97,'Potter','Martin');
insert into ACTEUR (ACTCOD, ACTNOM, ACTPRE) values (84,'Rampling','Charlotte');
insert into ACTEUR (ACTCOD, ACTNOM, ACTPRE) values (32,'Reno','Jean');
insert into ACTEUR (ACTCOD, ACTNOM, ACTPRE) values (39,'Rey','Fernando');
insert into ACTEUR (ACTCOD, ACTNOM, ACTPRE) values (30,'Rochefort','Jean');
insert into ACTEUR (ACTCOD, ACTNOM, ACTPRE) values (49,'Roussel','Myriem');
insert into ACTEUR (ACTCOD, ACTNOM, ACTPRE) values (86,'Ryan','Meg');
insert into ACTEUR (ACTCOD, ACTNOM, ACTPRE) values (95,'Scheider','Roy');
insert into ACTEUR (ACTCOD, ACTNOM, ACTPRE) values (73,'Schneider','Romy');
insert into ACTEUR (ACTCOD, ACTNOM, ACTPRE) values (63,'Scott-Thomas','Kristin');
insert into ACTEUR (ACTCOD, ACTNOM, ACTPRE) values (15,'Serrault','Michel');
insert into ACTEUR (ACTCOD, ACTNOM, ACTPRE) values (41,'Spader','James');
insert into ACTEUR (ACTCOD, ACTNOM, ACTPRE) values (94,'Sting',null);
insert into ACTEUR (ACTCOD, ACTNOM, ACTPRE) values (103,'Stowe','Madeleine');
insert into ACTEUR (ACTCOD, ACTNOM, ACTPRE) values (57,'Streep','Meryl');
insert into ACTEUR (ACTCOD, ACTNOM, ACTPRE) values (26,'Tati','Jacques');
insert into ACTEUR (ACTCOD, ACTNOM, ACTPRE) values (92,'Thurman','Uma');
insert into ACTEUR (ACTCOD, ACTNOM, ACTPRE) values (4,'Torreton','Philippe');
insert into ACTEUR (ACTCOD, ACTNOM, ACTPRE) values (90,'Travolta','John');
insert into ACTEUR (ACTCOD, ACTNOM, ACTPRE) values (81,'Trintignant','Jean-Louis');
insert into ACTEUR (ACTCOD, ACTNOM, ACTPRE) values (70,'Vlady','Marina');
insert into ACTEUR (ACTCOD, ACTNOM, ACTPRE) values (66,'Watson','Emily');
insert into ACTEUR (ACTCOD, ACTNOM, ACTPRE) values (5,'Williamson','Nicol');
insert into ACTEUR (ACTCOD, ACTNOM, ACTPRE) values (91,'Willis','Bruce');
insert into ACTEUR (ACTCOD, ACTNOM, ACTPRE) values (80,'Wilson','Lambert');
insert into ACTEUR (ACTCOD, ACTNOM, ACTPRE) values (87,'Wood','Natalie');
insert into ACTEUR (ACTCOD, ACTNOM, ACTPRE) values (110,'Wood','Natalie');
insert into ACTEUR (ACTCOD, ACTNOM, ACTPRE) values (38,'York','Michael');
insert into ACTEUR (ACTCOD, ACTNOM, ACTPRE) values (25,'Zola','Jean-Pierre');
commit;

insert into CATEGORIE (CATCOD, CATLIB) values ('AN','ANIMATION');
insert into CATEGORIE (CATCOD, CATLIB) values ('AV','AVENTURE');
insert into CATEGORIE (CATCOD, CATLIB) values ('CD','COMEDIE DRAMATIQUE');
insert into CATEGORIE (CATCOD, CATLIB) values ('CM','COMEDIE MUSICALE');
insert into CATEGORIE (CATCOD, CATLIB) values ('CO','COMEDIE');
insert into CATEGORIE (CATCOD, CATLIB) values ('CT','COURT METRAGE');
insert into CATEGORIE (CATCOD, CATLIB) values ('DA','DESSIN ANIME');
insert into CATEGORIE (CATCOD, CATLIB) values ('DC','DOCUMENTAIRE');
insert into CATEGORIE (CATCOD, CATLIB) values ('DP','DRAME PSYCHOLOGIQUE');
insert into CATEGORIE (CATCOD, CATLIB) values ('DR','DRAME');
insert into CATEGORIE (CATCOD, CATLIB) values ('EP','EPOUVANTE');
insert into CATEGORIE (CATCOD, CATLIB) values ('ER','EROTIQUE');
insert into CATEGORIE (CATCOD, CATLIB) values ('ES','ESPIONNAGE');
insert into CATEGORIE (CATCOD, CATLIB) values ('FA','FANTASTIQUE');
insert into CATEGORIE (CATCOD, CATLIB) values ('FC','CATASTROPHE');
insert into CATEGORIE (CATCOD, CATLIB) values ('FD','DANSE');
insert into CATEGORIE (CATCOD, CATLIB) values ('FH','HISTORIQUE');
insert into CATEGORIE (CATCOD, CATLIB) values ('FM','MUSICAL');
insert into CATEGORIE (CATCOD, CATLIB) values ('FN','NOIR');
insert into CATEGORIE (CATCOD, CATLIB) values ('FO','OPERA');
insert into CATEGORIE (CATCOD, CATLIB) values ('FP','POLITIQUE');
insert into CATEGORIE (CATCOD, CATLIB) values ('GC','GRAND CLASSIQUE');
insert into CATEGORIE (CATCOD, CATLIB) values ('GR','GUERRE');
insert into CATEGORIE (CATCOD, CATLIB) values ('GS','GRAND SPECTACLE');
insert into CATEGORIE (CATCOD, CATLIB) values ('HO','HORREUR');
insert into CATEGORIE (CATCOD, CATLIB) values ('KA','KARATE');
insert into CATEGORIE (CATCOD, CATLIB) values ('PO','POLICIER');
insert into CATEGORIE (CATCOD, CATLIB) values ('SF','SCIENCE FICTION');
insert into CATEGORIE (CATCOD, CATLIB) values ('TH','THRILLER');
insert into CATEGORIE (CATCOD, CATLIB) values ('WS','WESTERN');
commit;


insert into REALISE (REACOD, REANOM, REAPRE) values (24,'Anderson','Lindsay');
insert into REALISE (REACOD, REANOM, REAPRE) values (29,'Beineix','Jean-Jacques');
insert into REALISE (REACOD, REANOM, REAPRE) values (4,'Berri','Claude');
insert into REALISE (REACOD, REANOM, REAPRE) values (27,'Besson','Luc');
insert into REALISE (REACOD, REANOM, REAPRE) values (3,'Boorman','John');
insert into REALISE (REACOD, REANOM, REAPRE) values (55,'Boorman','John');
insert into REALISE (REACOD, REANOM, REAPRE) values (35,'Branagh','Kenneth');
insert into REALISE (REACOD, REANOM, REAPRE) values (20,'Bunuel','Louis');
insert into REALISE (REACOD, REANOM, REAPRE) values (12,'Burton','Tim');
insert into REALISE (REACOD, REANOM, REAPRE) values (10,'Chabat','Alain');
insert into REALISE (REACOD, REANOM, REAPRE) values (7,'Chatiliez','Etienne');
insert into REALISE (REACOD, REANOM, REAPRE) values (48,'Coen','Joel');
insert into REALISE (REACOD, REANOM, REAPRE) values (21,'Cronenberg','David');
insert into REALISE (REACOD, REANOM, REAPRE) values (28,'Eastwood','Clint');
insert into REALISE (REACOD, REANOM, REAPRE) values (53,'Emmerich','Roland');
insert into REALISE (REACOD, REANOM, REAPRE) values (23,'Fellini','Frederico');
insert into REALISE (REACOD, REANOM, REAPRE) values (54,'Fincher','David');
insert into REALISE (REACOD, REANOM, REAPRE) values (19,'Fosse','Bob');
insert into REALISE (REACOD, REANOM, REAPRE) values (1,'Gibson','Mel');
insert into REALISE (REACOD, REANOM, REAPRE) values (49,'Gilliam','Terry');
insert into REALISE (REACOD, REANOM, REAPRE) values (25,'Godard','Jean-Luc');
insert into REALISE (REACOD, REANOM, REAPRE) values (8,'Herek','Stephen');
insert into REALISE (REACOD, REANOM, REAPRE) values (9,'Jarmusch','Jim');
insert into REALISE (REACOD, REANOM, REAPRE) values (13,'Kassovitz','Mathieu');
insert into REALISE (REACOD, REANOM, REAPRE) values (51,'Kershner','Irvin');
insert into REALISE (REACOD, REANOM, REAPRE) values (22,'Kieslowski','Krzysztof');
insert into REALISE (REACOD, REANOM, REAPRE) values (39,'Kubrick','Stanley');
insert into REALISE (REACOD, REANOM, REAPRE) values (18,'Kusturica','Emir');
insert into REALISE (REACOD, REANOM, REAPRE) values (41,'Lang','Fritz');
insert into REALISE (REACOD, REANOM, REAPRE) values (16,'Leconte','Patrice');
insert into REALISE (REACOD, REANOM, REAPRE) values (15,'Lemercier','Valérie');
insert into REALISE (REACOD, REANOM, REAPRE) values (26,'Loach','Ken');
insert into REALISE (REACOD, REANOM, REAPRE) values (52,'Lucas','Georges');
insert into REALISE (REACOD, REANOM, REAPRE) values (46,'Lynch','David');
insert into REALISE (REACOD, REANOM, REAPRE) values (44,'Malle','Louis');
insert into REALISE (REACOD, REANOM, REAPRE) values (17,'Manzor','René');
insert into REALISE (REACOD, REANOM, REAPRE) values (32,'Minghella','Anthony');
insert into REALISE (REACOD, REANOM, REAPRE) values (6,'Molinaro','Edouard');
insert into REALISE (REACOD, REANOM, REAPRE) values (47,'Newell','Mike');
insert into REALISE (REACOD, REANOM, REAPRE) values (30,'Parker','Alan');
insert into REALISE (REACOD, REANOM, REAPRE) values (34,'Polanski','Roman');
insert into REALISE (REACOD, REANOM, REAPRE) values (11,'Popper','H.S');
insert into REALISE (REACOD, REANOM, REAPRE) values (38,'Russel','Ken');
insert into REALISE (REACOD, REANOM, REAPRE) values (50,'Scott','Ridley');
insert into REALISE (REACOD, REANOM, REAPRE) values (42,'Stone','Oliver');
insert into REALISE (REACOD, REANOM, REAPRE) values (45,'Tarantino','Quentin');
insert into REALISE (REACOD, REANOM, REAPRE) values (14,'Tati','Jacques');
insert into REALISE (REACOD, REANOM, REAPRE) values (2,'Tavernier','Bertrand');
insert into REALISE (REACOD, REANOM, REAPRE) values (40,'Téchiné','André');
insert into REALISE (REACOD, REANOM, REAPRE) values (31,'Van Lamsweerde','Pino');
insert into REALISE (REACOD, REANOM, REAPRE) values (37,'Visconti','Luchino');
insert into REALISE (REACOD, REANOM, REAPRE) values (33,'Von Trier','Lars');
insert into REALISE (REACOD, REANOM, REAPRE) values (43,'Wise','Robert');
insert into REALISE (REACOD, REANOM, REAPRE) values (5,'Zidi','Claude');
insert into REALISE (REACOD, REANOM, REAPRE) values (36,'Zulawski','Andrej');
commit;

insert into FILM (FILMCOD, CATCOD, REACOD, FILMTIT, FILMAN, FILNAT, FILMDUR) values (001,'CO',8,'101 DALMATIENS',1996,'USA',102);
insert into FILM (FILMCOD, CATCOD, REACOD, FILMTIT, FILMAN, FILNAT, FILMDUR) values (002,'CD',29,'37°2 LE MATIN',1985,'F',180);
insert into FILM (FILMCOD, CATCOD, REACOD, FILMTIT, FILMAN, FILNAT, FILMDUR) values (003,'CO',17,'UN AMOUR DE SORCIERE',1996,'F',102);
insert into FILM (FILMCOD, CATCOD, REACOD, FILMTIT, FILMAN, FILNAT, FILMDUR) values (004,'CD',18,'ARIZONA DREAM',1992,'USA',110);
insert into FILM (FILMCOD, CATCOD, REACOD, FILMTIT, FILMAN, FILNAT, FILMDUR) values (005,'CO',5,'ARLETTE',1997,'F',100);
insert into FILM (FILMCOD, CATCOD, REACOD, FILMTIT, FILMAN, FILNAT, FILMDUR) values (006,'SF',49,'L'' ARMEE DES 12 SINGES',1995,'USA',125);
insert into FILM (FILMCOD, CATCOD, REACOD, FILMTIT, FILMAN, FILNAT, FILMDUR) values (007,'FN',44,'ASCENSEUR POUR L'' ECHAFAUD',1957,'F',63);
insert into FILM (FILMCOD, CATCOD, REACOD, FILMTIT, FILMAN, FILNAT, FILMDUR) values (008,'CD',13,'ASSASSIN(S)',1996,'F',130);
insert into FILM (FILMCOD, CATCOD, REACOD, FILMTIT, FILMAN, FILNAT, FILMDUR) values (009,'AN',31,'ASTERIX CHEZ LES BRETONS',1986,'F',80);
insert into FILM (FILMCOD, CATCOD, REACOD, FILMTIT, FILMAN, FILNAT, FILMDUR) values (010,'CO',6,'BEAUMARCHAIS L''INSOLENT',1995,'F',100);
insert into FILM (FILMCOD, CATCOD, REACOD, FILMTIT, FILMAN, FILNAT, FILMDUR) values (011,'SF',50,'BLADE RUNNER',1982,'USA',115);
insert into FILM (FILMCOD, CATCOD, REACOD, FILMTIT, FILMAN, FILNAT, FILMDUR) values (012,'CO',7,'LE BONHEUR EST DANS LE PRE',1995,'F',106);
insert into FILM (FILMCOD, CATCOD, REACOD, FILMTIT, FILMAN, FILNAT, FILMDUR) values (013,'AV',1,'BRAVEHEART',1995,'USA',165);
insert into FILM (FILMCOD, CATCOD, REACOD, FILMTIT, FILMAN, FILNAT, FILMDUR) values (014,'DP',33,'BREAKING THE WAVES',1996,'DNK',158);
insert into FILM (FILMCOD, CATCOD, REACOD, FILMTIT, FILMAN, FILNAT, FILMDUR) values (015,'CD',19,'CABARET',1972,'USA',160);
insert into FILM (FILMCOD, CATCOD, REACOD, FILMTIT, FILMAN, FILNAT, FILMDUR) values (016,'AV',2,'CAPITAINE CONAN',1996,'F',130);
insert into FILM (FILMCOD, CATCOD, REACOD, FILMTIT, FILMAN, FILNAT, FILMDUR) values (017,'DP',26,'CARLA'' S SONG',1995,'DAN',126);
insert into FILM (FILMCOD, CATCOD, REACOD, FILMTIT, FILMAN, FILNAT, FILMDUR) values (018,'CD',20,'CET OBSCUR OBJET DU DESIR',1977,'F',105);
insert into FILM (FILMCOD, CATCOD, REACOD, FILMTIT, FILMAN, FILNAT, FILMDUR) values (019,'DP',20,'LE CHARME DISCRET DE LA BOURGEOISIE',1972,'F',100);
insert into FILM (FILMCOD, CATCOD, REACOD, FILMTIT, FILMAN, FILNAT, FILMDUR) values (020,'SF',27,'LE CINQUIEME ELEMENT',1996,'F',126);
insert into FILM (FILMCOD, CATCOD, REACOD, FILMTIT, FILMAN, FILNAT, FILMDUR) values (021,'CD',21,'CRASH',1995,'CAN',100);
insert into FILM (FILMCOD, CATCOD, REACOD, FILMTIT, FILMAN, FILNAT, FILMDUR) values (022,'DP',34,'CUL DE SAC',1966,'UK',115);
insert into FILM (FILMCOD, CATCOD, REACOD, FILMTIT, FILMAN, FILNAT, FILMDUR) values (023,'CO',9,'DEAD MAN',1995,'USA',134);
insert into FILM (FILMCOD, CATCOD, REACOD, FILMTIT, FILMAN, FILNAT, FILMDUR) values (024,'DP',25,'2 OU 3 CHOSES QUE JE SAIS D''ELLE',1966,'F',80);
insert into FILM (FILMCOD, CATCOD, REACOD, FILMTIT, FILMAN, FILNAT, FILMDUR) values (025,'CO',10,'DIDIER',1996,'F',105);
insert into FILM (FILMCOD, CATCOD, REACOD, FILMTIT, FILMAN, FILNAT, FILMDUR) values (026,'PO',47,'DONNIE BRASCO',1996,'USA',125);
insert into FILM (FILMCOD, CATCOD, REACOD, FILMTIT, FILMAN, FILNAT, FILMDUR) values (027,'FM',42,'LES DOORS',1990,'USA',140);
insert into FILM (FILMCOD, CATCOD, REACOD, FILMTIT, FILMAN, FILNAT, FILMDUR) values (028,'CD',22,'LA DOUBLE VIE DE VERONIQUE',1990,'F',98);
insert into FILM (FILMCOD, CATCOD, REACOD, FILMTIT, FILMAN, FILNAT, FILMDUR) values (029,'GS',46,'DUNE',1984,'USA',140);
insert into FILM (FILMCOD, CATCOD, REACOD, FILMTIT, FILMAN, FILNAT, FILMDUR) values (030,'SF',52,'L''EMPIRE CONTRE-ATTAQUE',1980,'USA',125);
insert into FILM (FILMCOD, CATCOD, REACOD, FILMTIT, FILMAN, FILNAT, FILMDUR) values (031,'CM',30,'EVITA',1996,'USA',135);
insert into FILM (FILMCOD, CATCOD, REACOD, FILMTIT, FILMAN, FILNAT, FILMDUR) values (032,'AV',3,'EXCALIBUR',1980,'USA',135);
insert into FILM (FILMCOD, CATCOD, REACOD, FILMTIT, FILMAN, FILNAT, FILMDUR) values (033,'PO',48,'FARGO',1996,'USA',97);
insert into FILM (FILMCOD, CATCOD, REACOD, FILMTIT, FILMAN, FILNAT, FILMDUR) values (034,'SF',52,'LA GUERRE DES ETOILES',1977,'USA',120);
insert into FILM (FILMCOD, CATCOD, REACOD, FILMTIT, FILMAN, FILNAT, FILMDUR) values (035,'CD',13,'LA HAINE',1995,'F',95);
insert into FILM (FILMCOD, CATCOD, REACOD, FILMTIT, FILMAN, FILNAT, FILMDUR) values (036,'DP',35,'HAMLET',1997,'UK',241);
insert into FILM (FILMCOD, CATCOD, REACOD, FILMTIT, FILMAN, FILNAT, FILMDUR) values (037,'CO',11,'HELLZAPOPPIN',1941,'USA',85);
insert into FILM (FILMCOD, CATCOD, REACOD, FILMTIT, FILMAN, FILNAT, FILMDUR) values (038,'FH',35,'HENRI V',1990,'UK',138);
insert into FILM (FILMCOD, CATCOD, REACOD, FILMTIT, FILMAN, FILNAT, FILMDUR) values (039,'WS',28,'L''HOMME DES HAUTES PLAINES',1973,'USA',102);
insert into FILM (FILMCOD, CATCOD, REACOD, FILMTIT, FILMAN, FILNAT, FILMDUR) values (040,'CD',23,'HUIT ET DEMI',1962,'ITA',135);
insert into FILM (FILMCOD, CATCOD, REACOD, FILMTIT, FILMAN, FILNAT, FILMDUR) values (041,'CD',24,'IF',1969,'UK',115);
insert into FILM (FILMCOD, CATCOD, REACOD, FILMTIT, FILMAN, FILNAT, FILMDUR) values (042,'DP',36,'L''IMPORTANT C''EST D''AIMER',1974,'F',110);
insert into FILM (FILMCOD, CATCOD, REACOD, FILMTIT, FILMAN, FILNAT, FILMDUR) values (043,'SF',53,'INDEPENDENCE DAY',1996,'USA',140);
insert into FILM (FILMCOD, CATCOD, REACOD, FILMTIT, FILMAN, FILNAT, FILMDUR) values (044,'CD',25,'JE VOUS SALUE MARIE',1983,'F',70);
insert into FILM (FILMCOD, CATCOD, REACOD, FILMTIT, FILMAN, FILNAT, FILMDUR) values (045,'CD',26,'LAND AND FREEDOM',1994,'UK',109);
insert into FILM (FILMCOD, CATCOD, REACOD, FILMTIT, FILMAN, FILNAT, FILMDUR) values (046,'FN',27,'LEON',1993,'F',125);
insert into FILM (FILMCOD, CATCOD, REACOD, FILMTIT, FILMAN, FILNAT, FILMDUR) values (047,'AV',4,'LUCIE AUBRAC',1996,'F',115);
insert into FILM (FILMCOD, CATCOD, REACOD, FILMTIT, FILMAN, FILNAT, FILMDUR) values (050,'CO',12,'MARS ATTACKS !',1996,'USA',105);
insert into FILM (FILMCOD, CATCOD, REACOD, FILMTIT, FILMAN, FILNAT, FILMDUR) values (051,'DP',25,'MASCULIN-FEMININ',1966,'F',110);
insert into FILM (FILMCOD, CATCOD, REACOD, FILMTIT, FILMAN, FILNAT, FILMDUR) values (052,'CO',13,'METISSE',1993,'F',95);
insert into FILM (FILMCOD, CATCOD, REACOD, FILMTIT, FILMAN, FILNAT, FILMDUR) values (053,'FA',41,'METROPOLIS',1926,'ALL',90);
insert into FILM (FILMCOD, CATCOD, REACOD, FILMTIT, FILMAN, FILNAT, FILMDUR) values (054,'CO',14,'MON ONCLE',1958,'F',120);
insert into FILM (FILMCOD, CATCOD, REACOD, FILMTIT, FILMAN, FILNAT, FILMDUR) values (055,'DP',37,'MORT A VENISE',1970,'UK',130);
insert into FILM (FILMCOD, CATCOD, REACOD, FILMTIT, FILMAN, FILNAT, FILMDUR) values (056,'DP',38,'MUSIC LOVERS',1970,'UK',123);
insert into FILM (FILMCOD, CATCOD, REACOD, FILMTIT, FILMAN, FILNAT, FILMDUR) values (057,'CD',27,'NIKITA',1989,'F',117);
insert into FILM (FILMCOD, CATCOD, REACOD, FILMTIT, FILMAN, FILNAT, FILMDUR) values (058,'DP',39,'ORANGE MECANIQUE',1971,'UK',150);
insert into FILM (FILMCOD, CATCOD, REACOD, FILMTIT, FILMAN, FILNAT, FILMDUR) values (059,'DR',32,'LE PATIENT ANGLAIS',1996,'USA',160);
insert into FILM (FILMCOD, CATCOD, REACOD, FILMTIT, FILMAN, FILNAT, FILMDUR) values (060,'PO',28,'LES PLEINS POUVOIRS',1996,'USA',121);
insert into FILM (FILMCOD, CATCOD, REACOD, FILMTIT, FILMAN, FILNAT, FILMDUR) values (061,'DP',36,'POSSESSION',1980,'F',125);
insert into FILM (FILMCOD, CATCOD, REACOD, FILMTIT, FILMAN, FILNAT, FILMDUR) values (062,'FN',45,'PULP FICTION',1994,'USA',149);
insert into FILM (FILMCOD, CATCOD, REACOD, FILMTIT, FILMAN, FILNAT, FILMDUR) values (063,'CO',15,'QUADRILLE',1996,'F',96);
insert into FILM (FILMCOD, CATCOD, REACOD, FILMTIT, FILMAN, FILNAT, FILMDUR) values (064,'GS',19,'QUE LE SPECTACLE COMMENCE !',1979,'USA',125);
insert into FILM (FILMCOD, CATCOD, REACOD, FILMTIT, FILMAN, FILNAT, FILMDUR) values (065,'DP',40,'RENDEZ-VOUS',1985,'F',90);
insert into FILM (FILMCOD, CATCOD, REACOD, FILMTIT, FILMAN, FILNAT, FILMDUR) values (066,'PO',45,'RESERVOIR DOGS',1992,'USA',99);
insert into FILM (FILMCOD, CATCOD, REACOD, FILMTIT, FILMAN, FILNAT, FILMDUR) values (067,'CO',16,'RIDICULE',1996,'F',102);
insert into FILM (FILMCOD, CATCOD, REACOD, FILMTIT, FILMAN, FILNAT, FILMDUR) values (068,'GS',23,'SATYRICON',1969,'ITA',135);
insert into FILM (FILMCOD, CATCOD, REACOD, FILMTIT, FILMAN, FILNAT, FILMDUR) values (069,'',25,'SAUVE QUI PEUT LA VIE',1979,'F',90);
insert into FILM (FILMCOD, CATCOD, REACOD, FILMTIT, FILMAN, FILNAT, FILMDUR) values (070,'',54,'SEVEN',1995,'USA',130);
insert into FILM (FILMCOD, CATCOD, REACOD, FILMTIT, FILMAN, FILNAT, FILMDUR) values (071,'',28,'SUR LA ROUTE DE MADISON',1995,'USA',135);
insert into FILM (FILMCOD, CATCOD, REACOD, FILMTIT, FILMAN, FILNAT, FILMDUR) values (072,'',43,'WEST SIDE STORY',1960,'USA',155);
insert into FILM (FILMCOD, CATCOD, REACOD, FILMTIT, FILMAN, FILNAT, FILMDUR) values (073,'',3,'ZARDOZ',1973,'USA',106);
commit;

insert into K7 (K7COD, FILMCOD, K7LOC, K7PRI, K7DAT) values (12,001,'LOC',0,'01/05/2003');
insert into K7 (K7COD, FILMCOD, K7LOC, K7PRI, K7DAT) values (13,015,'VEN',0,'01/05/2003');
insert into K7 (K7COD, FILMCOD, K7LOC, K7PRI, K7DAT) values (14,006,'',12,'01/05/2003');
insert into K7 (K7COD, FILMCOD, K7LOC, K7PRI, K7DAT) values (15,055,null,12.3,'01/05/2003');
insert into K7 (K7COD, FILMCOD, K7LOC, K7PRI, K7DAT) values (16,014,'LOC',5.12,'01/05/2003');
commit;


insert into JOUER (FILMCOD, ACTCOD) values (001,17);
insert into JOUER (FILMCOD, ACTCOD) values (001,18);
insert into JOUER (FILMCOD, ACTCOD) values (002,53);
insert into JOUER (FILMCOD, ACTCOD) values (002,59);
insert into JOUER (FILMCOD, ACTCOD) values (003,31);
insert into JOUER (FILMCOD, ACTCOD) values (003,33);
insert into JOUER (FILMCOD, ACTCOD) values (004,19);
insert into JOUER (FILMCOD, ACTCOD) values (004,34);
insert into JOUER (FILMCOD, ACTCOD) values (004,35);
insert into JOUER (FILMCOD, ACTCOD) values (005,8);
insert into JOUER (FILMCOD, ACTCOD) values (005,9);
insert into JOUER (FILMCOD, ACTCOD) values (006,91);
insert into JOUER (FILMCOD, ACTCOD) values (007,33);
insert into JOUER (FILMCOD, ACTCOD) values (008,15);
insert into JOUER (FILMCOD, ACTCOD) values (008,36);
insert into JOUER (FILMCOD, ACTCOD) values (010,11);
insert into JOUER (FILMCOD, ACTCOD) values (010,12);
insert into JOUER (FILMCOD, ACTCOD) values (010,13);
insert into JOUER (FILMCOD, ACTCOD) values (011,105);
insert into JOUER (FILMCOD, ACTCOD) values (012,14);
insert into JOUER (FILMCOD, ACTCOD) values (012,15);
insert into JOUER (FILMCOD, ACTCOD) values (012,16);
insert into JOUER (FILMCOD, ACTCOD) values (013,1);
insert into JOUER (FILMCOD, ACTCOD) values (013,3);
insert into JOUER (FILMCOD, ACTCOD) values (014,66);
insert into JOUER (FILMCOD, ACTCOD) values (015,37);
insert into JOUER (FILMCOD, ACTCOD) values (015,38);
insert into JOUER (FILMCOD, ACTCOD) values (016,4);
insert into JOUER (FILMCOD, ACTCOD) values (017,67);
insert into JOUER (FILMCOD, ACTCOD) values (018,6);
insert into JOUER (FILMCOD, ACTCOD) values (018,39);
insert into JOUER (FILMCOD, ACTCOD) values (018,40);
insert into JOUER (FILMCOD, ACTCOD) values (019,39);
insert into JOUER (FILMCOD, ACTCOD) values (020,89);
insert into JOUER (FILMCOD, ACTCOD) values (020,91);
insert into JOUER (FILMCOD, ACTCOD) values (021,41);
insert into JOUER (FILMCOD, ACTCOD) values (021,42);
insert into JOUER (FILMCOD, ACTCOD) values (022,68);
insert into JOUER (FILMCOD, ACTCOD) values (022,69);
insert into JOUER (FILMCOD, ACTCOD) values (023,19);
insert into JOUER (FILMCOD, ACTCOD) values (024,70);
insert into JOUER (FILMCOD, ACTCOD) values (024,71);
insert into JOUER (FILMCOD, ACTCOD) values (025,20);
insert into JOUER (FILMCOD, ACTCOD) values (025,21);
insert into JOUER (FILMCOD, ACTCOD) values (026,19);
insert into JOUER (FILMCOD, ACTCOD) values (026,98);
insert into JOUER (FILMCOD, ACTCOD) values (027,85);
insert into JOUER (FILMCOD, ACTCOD) values (027,86);
insert into JOUER (FILMCOD, ACTCOD) values (028,43);
insert into JOUER (FILMCOD, ACTCOD) values (029,93);
insert into JOUER (FILMCOD, ACTCOD) values (029,94);
insert into JOUER (FILMCOD, ACTCOD) values (030,105);
insert into JOUER (FILMCOD, ACTCOD) values (030,106);
insert into JOUER (FILMCOD, ACTCOD) values (030,107);
insert into JOUER (FILMCOD, ACTCOD) values (031,60);
insert into JOUER (FILMCOD, ACTCOD) values (031,61);
insert into JOUER (FILMCOD, ACTCOD) values (034,105);
insert into JOUER (FILMCOD, ACTCOD) values (034,106);
insert into JOUER (FILMCOD, ACTCOD) values (034,107);
insert into JOUER (FILMCOD, ACTCOD) values (035,44);
insert into JOUER (FILMCOD, ACTCOD) values (036,72);
insert into JOUER (FILMCOD, ACTCOD) values (037,22);
insert into JOUER (FILMCOD, ACTCOD) values (038,72);
insert into JOUER (FILMCOD, ACTCOD) values (039,58);
insert into JOUER (FILMCOD, ACTCOD) values (040,45);
insert into JOUER (FILMCOD, ACTCOD) values (040,46);
insert into JOUER (FILMCOD, ACTCOD) values (040,47);
insert into JOUER (FILMCOD, ACTCOD) values (041,48);
insert into JOUER (FILMCOD, ACTCOD) values (042,55);
insert into JOUER (FILMCOD, ACTCOD) values (042,73);
insert into JOUER (FILMCOD, ACTCOD) values (043,108);
insert into JOUER (FILMCOD, ACTCOD) values (044,64);
insert into JOUER (FILMCOD, ACTCOD) values (046,32);
insert into JOUER (FILMCOD, ACTCOD) values (046,89);
insert into JOUER (FILMCOD, ACTCOD) values (047,6);
insert into JOUER (FILMCOD, ACTCOD) values (047,7);
insert into JOUER (FILMCOD, ACTCOD) values (050,17);
insert into JOUER (FILMCOD, ACTCOD) values (050,23);
insert into JOUER (FILMCOD, ACTCOD) values (051,74);
insert into JOUER (FILMCOD, ACTCOD) values (051,75);
insert into JOUER (FILMCOD, ACTCOD) values (052,36);
insert into JOUER (FILMCOD, ACTCOD) values (053,82);
insert into JOUER (FILMCOD, ACTCOD) values (054,25);
insert into JOUER (FILMCOD, ACTCOD) values (054,26);
insert into JOUER (FILMCOD, ACTCOD) values (055,76);
insert into JOUER (FILMCOD, ACTCOD) values (056,77);
insert into JOUER (FILMCOD, ACTCOD) values (057,51);
insert into JOUER (FILMCOD, ACTCOD) values (057,52);
insert into JOUER (FILMCOD, ACTCOD) values (057,53);
insert into JOUER (FILMCOD, ACTCOD) values (058,48);
insert into JOUER (FILMCOD, ACTCOD) values (059,62);
insert into JOUER (FILMCOD, ACTCOD) values (059,63);
insert into JOUER (FILMCOD, ACTCOD) values (059,64);
insert into JOUER (FILMCOD, ACTCOD) values (059,65);
insert into JOUER (FILMCOD, ACTCOD) values (060,58);
insert into JOUER (FILMCOD, ACTCOD) values (060,100);
insert into JOUER (FILMCOD, ACTCOD) values (060,101);
insert into JOUER (FILMCOD, ACTCOD) values (061,78);
insert into JOUER (FILMCOD, ACTCOD) values (061,79);
insert into JOUER (FILMCOD, ACTCOD) values (062,90);
insert into JOUER (FILMCOD, ACTCOD) values (062,91);
insert into JOUER (FILMCOD, ACTCOD) values (062,92);
insert into JOUER (FILMCOD, ACTCOD) values (063,13);
insert into JOUER (FILMCOD, ACTCOD) values (063,27);
insert into JOUER (FILMCOD, ACTCOD) values (064,95);
insert into JOUER (FILMCOD, ACTCOD) values (064,96);
insert into JOUER (FILMCOD, ACTCOD) values (065,64);
insert into JOUER (FILMCOD, ACTCOD) values (065,80);
insert into JOUER (FILMCOD, ACTCOD) values (066,102);
insert into JOUER (FILMCOD, ACTCOD) values (067,28);
insert into JOUER (FILMCOD, ACTCOD) values (067,29);
insert into JOUER (FILMCOD, ACTCOD) values (067,30);
insert into JOUER (FILMCOD, ACTCOD) values (068,97);
insert into JOUER (FILMCOD, ACTCOD) values (069,54);
insert into JOUER (FILMCOD, ACTCOD) values (069,55);
insert into JOUER (FILMCOD, ACTCOD) values (069,56);
insert into JOUER (FILMCOD, ACTCOD) values (070,104);
insert into JOUER (FILMCOD, ACTCOD) values (070,109);
insert into JOUER (FILMCOD, ACTCOD) values (071,57);
insert into JOUER (FILMCOD, ACTCOD) values (071,58);
insert into JOUER (FILMCOD, ACTCOD) values (072,87);
insert into JOUER (FILMCOD, ACTCOD) values (072,88);
insert into JOUER (FILMCOD, ACTCOD) values (073,83);
insert into JOUER (FILMCOD, ACTCOD) values (073,84);
commit;

